Type;dm_maximum_mass_displacement (t);Loa_Length_overall (m);Lbp_length_between_perpendiculars (m);B_beam (m);T_laden (m);Cb_block_coefficient ();Capacity;dm_fully_laden (t);Lateral_windage_fully_loaded (m2);Lateral_windage_in_ballast (m2)
Tankers (ULCC);350000;365;345;65.5;22;0.82;;420000;5400;9200
Tankers (ULCC);400000;380;358;68;23;0.83;;475000;5700;9700
Tankers (ULCC);500000;415;392;73;24;0.84;;590000;6400;11000
;;;;;;;;;;
Type;dm_maximum_mass_displacement (t);Loa_Length_overall (m);Lbp_length_between_perpendiculars (m);B_beam (m);T_laden (m);Cb_block_coefficient ();Capacity;dm_fully_laden (t);Lateral_windage_fully_loaded (m2);Lateral_windage_in_ballast (m2)
Tankers (VLCC);200000;310;294;55;18.5;0.8;;246000;4000;6800
Tankers (VLCC);225000;320;303;57;19.3;0.81;;277000;4300;7300
Tankers (VLCC);250000;330;312;59;19.9;0.81;;305000;4600;7700
Tankers (VLCC);275000;340;321;61;20.5;0.81;;335000;4900;8200
Tankers (VLCC);300000;350;330;63;21;0.82;;365000;5100;8600
;;;;;;;;;;
Type;dm_maximum_mass_displacement (t);Loa_Length_overall (m);Lbp_length_between_perpendiculars (m);B_beam (m);T_laden (m);Cb_block_coefficient ();Capacity;dm_fully_laden (t);Lateral_windage_fully_loaded (m2);Lateral_windage_in_ballast (m2)
Tankers;60000;217;206;36;13;0.79;;78000;2150;3500
Tankers;70000;225;213;38;13.5;0.8;;90000;2250;3700
Tankers;80000;235;223;40;14;0.8;;102000;2450;4000
Tankers;100000;250;236;43;15.1;0.8;;125000;2750;4500
Tankers;125000;270;255;46.5;16;0.8;;156000;3100;5100
Tankers;150000;285;270;49.5;16.9;0.8;;186000;3400;5700
Tankers;175000;300;285;52.5;17.7;0.8;;217000;3750;6200
;;;;;;;;;;
Type;dm_maximum_mass_displacement (t);Loa_Length_overall (m);Lbp_length_between_perpendiculars (m);B_beam (m);T_laden (m);Cb_block_coefficient ();Capacity;dm_fully_laden (t);Lateral_windage_fully_loaded (m2);Lateral_windage_in_ballast (m2)
Product and Chemical Tankers;3000;90;85;13;6;0.72;;4900;400;600
Product and Chemical Tankers;5000;110;104;15;7;0.71;;8000;500;800
Product and Chemical Tankers;10000;145;137;19;7.8;0.72;;15000;760;1200
Product and Chemical Tankers;20000;174;165;24.5;9.8;0.71;;29000;1100;1800
Product and Chemical Tankers;30000;188;178;28;10.8;0.76;;42000;1400;2200
Product and Chemical Tankers;40000;200;190;30;11.8;0.78;;54000;1650;2600
Product and Chemical Tankers;50000;210;200;32.2;12.6;0.79;;66000;1900;3000
Type;dm_maximum_mass_displacement (t);Loa_Length_overall (m);Lbp_length_between_perpendiculars (m);B_beam (m);T_laden (m);Cb_block_coefficient ();Capacity;dm_fully_laden (t);Lateral_windage_fully_loaded (m2);Lateral_windage_in_ballast (m2)
Bulk Carriers /OBOs;10000;130;124;18;7.5;0.76;;13000;1200;1800
Bulk Carriers /OBOs;20000;160;152;23.5;9.3;0.76;;26000;1400;2300
Bulk Carriers /OBOs;40000;195;185;29;11.5;0.79;;50000;1700;2800
Bulk Carriers /OBOs;60000;220;210;33.5;12.8;0.8;;74000;2050;3500
Bulk Carriers /OBOs;80000;240;228;36.5;14;0.82;;98000;2450;4200
Bulk Carriers /OBOs;100000;255;242;39;15.3;0.82;;121000;2700;4800
Bulk Carriers /OBOs;125000;275;262;41.5;16.5;0.82;;150000;3000;5400
Bulk Carriers /OBOs;150000;290;276;44;17.5;0.82;;179000;3250;5900
Bulk Carriers /OBOs;200000;315;300;48.5;19;0.83;;236000;3600;6900
Bulk Carriers /OBOs;250000;335;318;52.5;20.5;0.83;;292000;4000;7700
Bulk Carriers /OBOs;300000;350;333;56;21.8;0.84;;350000;4250;8200
Bulk Carriers /OBOs;350000;362;344;59;23;0.85;;406000;4400;8500
Bulk Carriers /OBOs;400000;375;356;62.5;24;0.85;;464000;4500;8700
;;;;;;;;;;
Type;dm_maximum_mass_displacement (t);Loa_Length_overall (m);Lbp_length_between_perpendiculars (m);B_beam (m);T_laden (m);Cb_block_coefficient ();Capacity;dm_fully_laden (t);Lateral_windage_fully_loaded (m2);Lateral_windage_in_ballast (m2)
LNG Carriers (Prismatic);27000;208;196;29.3;9.2;0.74;40000;40000;2900;3300
LNG Carriers (Prismatic);52000;247;231;34.8;9.5;0.74;75000;58000;4150;4600
LNG Carriers (Prismatic);80000;280;269;43.4;11.4;0.73;140000;100000;6000;6500
LNG Carriers (Prismatic);90000;298;285;46;11.8;0.76;177000;120000;6200;6800
LNG Carriers (Prismatic);97000;315;303;50;12;0.76;218000;141000;7000;7700
LNG Carriers (Prismatic);125000;345;333;55;12;0.78;267000;175000;8400;9300
;;;;;;;;;;
Type;dm_maximum_mass_displacement (t);Loa_Length_overall (m);Lbp_length_between_perpendiculars (m);B_beam (m);T_laden (m);Cb_block_coefficient ();Capacity;dm_fully_laden (t);Lateral_windage_fully_loaded (m2);Lateral_windage_in_ballast (m2)
LNG Carriers (Spheres, Moss);51000;250;237;40;10.6;0.69;90000;71000;5650;6000
LNG Carriers (Spheres, Moss);58000;274;262;42;11.3;0.78;125000;99000;7550;8000
LNG Carriers (Spheres, Moss);75000;288;274;49;11.5;0.74;145000;117000;8300;8800
;;;;;;;;;;
Type;dm_maximum_mass_displacement (t);Loa_Length_overall (m);Lbp_length_between_perpendiculars (m);B_beam (m);T_laden (m);Cb_block_coefficient ();Capacity;dm_fully_laden (t);Lateral_windage_fully_loaded (m2);Lateral_windage_in_ballast (m2)
LPG Carriers;3000;116;110;13.3;7;0.52;;5500;;1200
LPG Carriers;5000;134;126;16;8.1;0.53;;8800;1050;1700
LPG Carriers;10000;160;152;21.1;9.3;0.56;;17000;1500;2500
LPG Carriers;20000;207;197;26.8;10.6;0.58;;33000;2150;3900
LPG Carriers;30000;226;216;32.4;11.2;0.61;;49000;3500;4600
LPG Carriers;40000;240;230;35.2;12.3;0.64;;65000;4150;5100
LPG Carriers;50000;248;238;39;12.9;0.65;;80000;4600;5800
LPG Carriers;60000;265;245;42.2;13.5;0.66;;95000;5250;6200
;;;;;;;;;;
Type;dm_maximum_mass_displacement (t);Loa_Length_overall (m);Lbp_length_between_perpendiculars (m);B_beam (m);T_laden (m);Cb_block_coefficient ();Capacity (TEU);dm_fully_laden (t);Lateral_windage_fully_loaded (m2);Lateral_windage_in_ballast (m2)
Container Ships (Post-Panamax);55000;261;248;38.3;12.8;0.61;4800;76500;5200;5500
Container Ships (Post-Panamax);60000;268;255;39.8;13.2;0.61;5200;84000;5400;5700
Container Ships (Post-Panamax);65000;274;260;41.2;13.5;0.62;5600;92000;5500;5800
Container Ships (Post-Panamax);70000;280;266;41.8;13.8;0.64;6000;100000;5800;6100
Container Ships (Post-Panamax);80000;300;284;40.3;14.5;0.66;6500;112000;6100;6500
Container Ships (Post-Panamax);90000;313;298;42.8;14.5;0.66;7000;126000;6500;7000
Container Ships (Post-Panamax);100000;326;310;42.8;14.5;0.71;7500;140000;6900;7500
Container Ships (Post-Panamax);110000;340;323;43.2;14.5;0.7;8000;145000;7200;7800
Container Ships (Post-Panamax);120000;352;335;45.6;14.8;0.68;9000;158000;8000;8700
Container Ships (Post-Panamax);125000;370;351;45.8;15;0.7;10000;174000;8700;9500
Container Ships (Post-Panamax);165000;398;376;56.4;15;0.66;12200;215000;9500;10500
Container Ships (Post-Panamax);195000;418;395;56.4;16;0.68;14500;250000;10100;11300
Container Ships (Post-Panamax);200000;400;385;59;16.5;0.68;18000;260000;10700;12000
Container Ships (Post-Panamax);245000;470;446;60;18;0.69;22000;340000;11000;12500
;;;;;;;;;;
Type;dm_maximum_mass_displacement (t);Loa_Length_overall (m);Lbp_length_between_perpendiculars (m);B_beam (m);T_laden (m);Cb_block_coefficient ();Capacity (TEU);dm_fully_laden (t);Lateral_windage_fully_loaded (m2);Lateral_windage_in_ballast (m2)
Container Ships (Panamax);10000;130;124;21.2;7.3;0.69;750;13500;1800;1900
Container Ships (Panamax);15000;152;144;23.7;8.5;0.67;1100;20000;2000;2100
Container Ships (Panamax);20000;174;165;26.2;9.2;0.66;1500;27000;2400;2500
Container Ships (Panamax);25000;195;185;28.5;10.1;0.61;1800;33500;2900;3000
Container Ships (Panamax);30000;210;200;30;10.7;0.62;2200;40500;3350;3500
Container Ships (Panamax);35000;222;211;32.2;11.1;0.61;2600;47500;3550;3700
Container Ships (Panamax);40000;237;225;32.2;11.7;0.62;3000;54000;3750;3900
Container Ships (Panamax);45000;255;242;32.2;12.2;0.63;3500;61000;4150;4300
Container Ships (Panamax);50000;267;253;32.2;12.5;0.65;4000;68000;4500;4700
Container Ships (Panamax);55000;278;264;32.2;12.8;0.68;4500;75500;4900;5100
Container Ships (Panamax);60000;290;275;32.2;13.2;0.69;5000;83000;5300;5500
;;;;;;;;;;
Type;dm_maximum_mass_displacement (t);Loa_Length_overall (m);Lbp_length_between_perpendiculars (m);B_beam (m);T_laden (m);Cb_block_coefficient ();Capacity (CEU);dm_fully_laden (t);Lateral_windage_fully_loaded (m2);Lateral_windage_in_ballast (m2)
Freight RoRo Ships;5000;121;115;19.3;6;0.7;600;9500;2200;2300
Freight RoRo Ships;10000;153;145;23.4;7.4;0.71;1000;18400;3100;3200
Freight RoRo Ships;15000;177;168;26.2;8.4;0.73;1500;27500;3750;3900
Freight RoRo Ships;20000;197;187;28.6;9.1;0.72;2000;36000;4250;4400
Freight RoRo Ships;25000;216;205;31;9.6;0.72;2500;45000;4600;4800
Freight RoRo Ships;30000;231;219;32;10.2;0.74;3000;54000;5100;5300
Freight RoRo Ships;35000;245;233;32.2;10.8;0.76;3500;63000;5600;5800
Freight RoRo Ships;40000;260;247;32.2;11.4;0.77;4000;72000;6200;6400
Freight RoRo Ships;45000;275;261;32.2;12;0.79;4500;81500;6850;7100
Freight RoRo Ships;50000;287;273;32.2;12.4;0.78;5000;87500;7500;7800
;;;;;;;;;;
Type;dm_maximum_mass_displacement (t);Loa_Length_overall (m);Lbp_length_between_perpendiculars (m);B_beam (m);T_laden (m);Cb_block_coefficient ();Capacity;dm_fully_laden (t);Lateral_windage_fully_loaded (m2);Lateral_windage_in_ballast (m2)
Cargo Vessels;2500;85;80;13;5;0.75;;4000;620;800
Cargo Vessels;5000;105;100;15.8;6.4;0.72;;7500;900;1200
Cargo Vessels;10000;133;127;19.8;8;0.7;;14500;1380;1800
Cargo Vessels;15000;152;145;22.6;9.2;0.7;;21500;1770;2400
Cargo Vessels;20000;166;158;24.8;10;0.7;;28000;2100;2800
Cargo Vessels;25000;178;169;26.4;10.7;0.71;;34500;2360;3200
Cargo Vessels;30000;188;179;27.7;11.3;0.71;;41000;2700;3700
Cargo Vessels;35000;199;189;28.9;12;0.71;;48000;3000;4100
Cargo Vessels;40000;209;199;30;12.5;0.71;;54500;3250;4500
;;;;;;;;;;
Type;dm_maximum_mass_displacement (t);Loa_Length_overall (m);Lbp_length_between_perpendiculars (m);B_beam (m);T_laden (m);Cb_block_coefficient ();Capacity (CEU);dm_fully_laden (t);Lateral_windage_fully_loaded (m2);Lateral_windage_in_ballast (m2)
Car Carriers;8000;100;95;17;4.9;0.53;700;4300;1300;1400
Car Carriers;13000;130;124;18.8;6.2;0.54;1000;8000;2000;2200
Car Carriers;18000;150;143;22.7;7.4;0.55;2000;13500;2600;3000
Car Carriers;27000;175;167;28;8.4;0.55;3000;22000;3400;4000
Car Carriers;36000;190;175;32.2;9;0.55;4000;28500;3850;4600
Car Carriers;45000;198;182;32.2;10;0.59;5000;35500;4300;5100
Car Carriers;57000;205;189;32.2;10.9;0.62;6000;42000;4850;5800
Car Carriers;65000;220;205;32.2;11;0.64;7000;48000;5400;6500
Car Carriers;70000;228;210;32.2;11.3;0.66;8000;52000;5700;6900
;;;;;;;;;;
Type;dm_maximum_mass_displacement (t);Loa_Length_overall (m);Lbp_length_between_perpendiculars (m);B_beam (m);T_laden (m);Cb_block_coefficient ();Capacity;dm_fully_laden (t);Lateral_windage_fully_loaded (m2);Lateral_windage_in_ballast (m2)
Ferries;1000;74;68;14.6;3.3;0.54;;1800;570;600
Ferries;2000;95;87;17.1;4.1;0.56;;3500;760;800
Ferries;3000;110;102;19;4.7;0.57;;5300;950;1000
Ferries;5000;133;124;21.6;5.4;0.58;;8600;1420;1500
Ferries;6500;155;144;22.7;5.6;0.56;;10500;1700;1800
Ferries;7000;161;149;23.5;5.8;0.58;;12000;1800;1900
Ferries;8000;164;152;24.1;5.9;0.59;;13000;1900;2000
Ferries;9000;170;158;25.3;6.1;0.6;;15000;2100;2200
Ferries;10200;175;163;26.5;6.3;0.61;;17000;2200;2300
Ferries;11500;182;169;27.6;6.5;0.61;;19000;2350;2500
Ferries;12500;187;174;28.7;6.7;0.61;;21000;2450;2600
Ferries;15000;197;183;30.6;7.1;0.61;;25000;2650;2800
Ferries;20000;219;204;32.8;7.8;0.63;;33800;3300;3500
Ferries;30000;253;237;36.4;8.8;0.65;;50300;4300;4500
Ferries;40000;281;264;39;9.8;0.65;;66800;5200;5500
Ferries;50000;309;291;41.6;10.3;0.65;;82500;6150;6500
;;;;;;;;;;
Type;dm_maximum_mass_displacement (t);Loa_Length_overall (m);Lbp_length_between_perpendiculars (m);B_beam (m);T_laden (m);Cb_block_coefficient ();Capacity;dm_fully_laden (t);Lateral_windage_fully_loaded (m2);Lateral_windage_in_ballast (m2)
Fast Ferries (multihull);250;42;37;11.6;1.6;0.35;;95;420;450
Fast Ferries (multihull);500;46;41;13.8;1.8;0.35;;175;460;500
Fast Ferries (multihull);1000;65;62;16.7;2.1;0.37;;350;820;900
Fast Ferries (multihull);2000;85;77;21.2;3.1;0.39;;700;1070;1150
Fast Ferries (multihull);4000;92;79;24;3.2;0.42;;1400;1120;1200
Fast Ferries (multihull);5000;97;83;24.7;3.4;0.43;;1700;1250;1250
Fast Ferries (multihull);6000;107;93;26.5;3.7;0.43;;2100;1550;1650
Fast Ferries (multihull);9000;127;117;30.5;4.3;0.43;;3200;1850;2000
;;;;;;;;;;
Type;dm_maximum_mass_displacement (t);Loa_Length_overall (m);Lbp_length_between_perpendiculars (m);B_beam (m);T_laden (m);Cb_block_coefficient ();Capacity (passengers);dm_fully_laden (t);Lateral_windage_fully_loaded (m2);Lateral_windage_in_ballast (m2)
Cruise Liners (Post Panamax);80000;272;231;35;8;0.66;2,000 / 2,800;44000;8800;9000
Cruise Liners (Post Panamax);95000;295;273;33;8.3;0.67;2,400 / 3,000;51000;10400;10600
Cruise Liners (Post Panamax);105000;294;272;35;8.5;0.67;2,700 / 3,500;56000;10800;11000
Cruise Liners (Post Panamax);115000;313;290;36;8.6;0.66;3,000 / 4,200;61000;11950;12200
Cruise Liners (Post Panamax);135000;333;308;37.9;8.8;0.67;3,200 / 4,500;71000;13100;13400
Cruise Liners (Post Panamax);160000;339;314;43.7;9;0.66;3,700 / 5,000;84000;13800;14100
Cruise Liners (Post Panamax);220000;360;333;55;9.2;0.67;5,400 / 7,500;115000;15700;16000
;;;;;;;;;;
Type;dm_maximum_mass_displacement (t);Loa_Length_overall (m);Lbp_length_between_perpendiculars (m);B_beam (m);T_laden (m);Cb_block_coefficient ();Capacity (passengers);dm_fully_laden (t);Lateral_windage_fully_loaded (m2);Lateral_windage_in_ballast (m2)
Cruise Liners (Panamax);5000;100;90;16.5;5.6;0.59;200 / 300;5000;1570;1600
Cruise Liners (Panamax);10000;134;123;18.5;5.8;0.59;280 / 400;8000;2350;2400
Cruise Liners (Panamax);15000;152;140;21;6.4;0.6;350 / 500;11500;2940;3000
Cruise Liners (Panamax);20000;169;155;22.5;6.5;0.6;600 / 800;14000;3430;3500
Cruise Liners (Panamax);25000;180;165;24;6.6;0.6;700 / 1,000;16200;3920;4000
Cruise Liners (Panamax);30000;190;175;25;6.7;0.61;850 / 1,200;18200;4600;4700
Cruise Liners (Panamax);35000;192;164;32;6.3;0.62;1,000 / 1,400;21000;4800;4900
Cruise Liners (Panamax);35000;205;188;26.3;6.8;0.61;1,000 / 1,400;21000;5500;5600
Cruise Liners (Panamax);40000;212;180;32.2;6.5;0.62;1,200 / 1,600;24000;5600;5700
Cruise Liners (Panamax);40000;210;193;27.1;7;0.64;1,200 / 1,600;24000;5900;6000
Cruise Liners (Panamax);50000;234;199;32.2;7.1;0.62;1,400 / 1,800;29000;6450;6600
Cruise Liners (Panamax);50000;232;212;28;7.4;0.64;1,400 / 1,800;29000;6850;7000
Cruise Liners (Panamax);60000;252;214;32.2;7.6;0.63;1,600 / 2,200;34000;7250;7400
Cruise Liners (Panamax);60000;251;232;28.8;7.6;0.65;1,600 / 2,200;34000;7850;8000
Cruise Liners (Panamax);70000;265;225;32.2;7.8;0.66;1,700 / 2,400;38000;8500;8700
Cruise Liners (Panamax);80000;280;249;32.2;7.9;0.66;1,800 / 2,500;43000;9100;9300
Cruise Liners (Panamax);90000;294;272;32.2;8;0.67;2,000 / 2,800;48000;10400;10600
;;;;;;;;;;
Type;dm_maximum_mass_displacement (t);Loa_Length_overall (m);Lbp_length_between_perpendiculars (m);B_beam (m);T_laden (m);Cb_block_coefficient ();Capacity;dm_fully_laden (t);Lateral_windage_fully_loaded (m2);Lateral_windage_in_ballast (m2)
Ocean-going Fishing Vessels;150;32;28;7.5;3.4;0.41;;300;135;140
Ocean-going Fishing Vessels;250;40;38;7;3.5;0.42;;400;190;200
Ocean-going Fishing Vessels;500;55;53;8.6;4;0.43;;800;290;300
Ocean-going Fishing Vessels;700;65;62;10;4.5;0.44;;1250;345;360
Ocean-going Fishing Vessels;1000;70;66;10.5;4.8;0.47;;1600;380;400
Ocean-going Fishing Vessels;1200;72;68;11;5;0.5;;1900;400;420
Ocean-going Fishing Vessels;1500;76;72;11.3;5.1;0.52;;2200;430;450
Ocean-going Fishing Vessels;2000;80;76;12;5.3;0.54;;2700;470;490
Ocean-going Fishing Vessels;2500;85;81;13;5.6;0.58;;3500;500;520
Ocean-going Fishing Vessels;3000;90;85;14;5.9;0.58;;4200;550;570
Ocean-going Fishing Vessels;5000;106;100;16.1;6.2;0.61;;6200;650;670
Ocean-going Fishing Vessels;7500;128;120;17.1;6.8;0.64;;9100;810;840
;;;;;;;;;;
Type;dm_maximum_mass_displacement (t);Loa_Length_overall (m);Lbp_length_between_perpendiculars (m);B_beam (m);T_laden (m);Cb_block_coefficient ();Capacity;dm_fully_laden (t);Lateral_windage_fully_loaded (m2);Lateral_windage_in_ballast (m2)
Coastal Fishing Vessels;15;11;9;5;2.3;0.37;;40;;
Coastal Fishing Vessels;25;15;12;5.5;2.6;0.37;;65;;
Coastal Fishing Vessels;50;21;17;6.2;2.7;0.39;;115;;
Coastal Fishing Vessels;75;25;22;6.6;2.8;0.4;;165;;
Coastal Fishing Vessels;100;27;23;7;3.1;0.39;;200;;
;;;;;;;;;;
Type;dm_maximum_mass_displacement (t);Loa_Length_overall (m);Lbp_length_between_perpendiculars (m);B_beam (m);T_laden (m);Cb_block_coefficient ();Capacity;dm_fully_laden (t);Lateral_windage_fully_loaded (m2);Lateral_windage_in_ballast (m2)
Motor Yachts;-;20;17;5.5;2.7;-;;50;;
Motor Yachts;-;30;25;7.5;2.9;-;;150;;
Motor Yachts;-;40;24;8;3;-;;250;;
Motor Yachts;-;45;39;8.5;3.3;-;;500;;
Motor Yachts;-;50;43;9;3.5;-;;700;;
Motor Yachts;-;60;51;12;3.6;-;;1100;;
Motor Yachts;-;70;60;13.5;3.8;-;;1600;;
Motor Yachts;-;100;85;16.5;4.8;-;;3500;;
Motor Yachts;-;120;102;18.5;4.9;-;;4500;;
Motor Yachts;-;140;120;23.5;5;-;;7000;;
Motor Yachts;-;160;135;21.8;5.5;-;;9500;;
;;;;;;;;;;
Type;dm_maximum_mass_displacement (t);Loa_Length_overall (m);Lbp_length_between_perpendiculars (m);B_beam (m);T_laden (m);Cb_block_coefficient ();Capacity;dm_fully_laden (t);Lateral_windage_fully_loaded (m2);Lateral_windage_in_ballast (m2)
Motor Boats;-;6;-;2.1;1;-;;1;;
Motor Boats;-;9;-;2.7;1.5;-;;5;;
Motor Boats;-;12;-;3.4;1.8;-;;7;;
Motor Boats;-;15;-;4;2.3;-;;17;;
Motor Boats;-;18;-;4.4;2.7;-;;27;;
Motor Boats;-;21;-;5;3;-;;35;;
;;;;;;;;;;
Type;dm_maximum_mass_displacement (t);Loa_Length_overall (m);Lbp_length_between_perpendiculars (m);B_beam (m);T_laden (m);Cb_block_coefficient ();Capacity;dm_fully_laden (t);Lateral_windage_fully_loaded (m2);Lateral_windage_in_ballast (m2)
Sailing Yachts;;15;11;4.5;2.5;-;;13;;
Sailing Yachts;;20;18;5.5;3;-;;40;;
Sailing Yachts;;30;28;7.2;3.6;-;;125;;
Sailing Yachts;;40;35;9.3;4.5;-;;190;;
Sailing Yachts;;50;38;9.5;5;-;;550;;
Sailing Yachts;;60;42;11.2;5.5;-;;650;;
Sailing Yachts;;70;52;11.5;6;-;;1000;;
Sailing Yachts;;90;68;13.5;6.5;-;;1500;;
;;;;;;;;;;
Type;dm_maximum_mass_displacement (t);Loa_Length_overall (m);Lbp_length_between_perpendiculars (m);B_beam (m);T_laden (m);Cb_block_coefficient ();Capacity;dm_fully_laden (t);Lateral_windage_fully_loaded (m2);Lateral_windage_in_ballast (m2)
Sailing Boats;;3;2;1.5;0.5;-;;1;;
Sailing Boats;;5;4;2;1;-;;1;;
Sailing Boats;;6;6;2.4;1.5;-;;2;;
Sailing Boats;;10;10;3.5;2.1;-;;5;;
Sailing Boats;;12;11;3.8;2.3;-;;10;;
